SET FOREIGN_KEY_CHECKS = 0;

insert into `plms_borrow_apply`(`id`,`code`,`amount`,`apply_time`,`apply_status`,`business_code`,`contract_code`,`borrow_period`,`apply_code`,`create_date`,`modify_date`,`comments`,`user_code`) values
('1','1',100.00,'2017-07-18 15:53:09','01','11111111','1','2','1','2017-07-18 15:53:28','2017-07-18 15:53:32',null,null),
('2','2017071917503600000028',1.00,'2017-07-19 17:50:36','1','201707191750360029','3',null,'2','2017-07-19 17:50:36','2017-07-19 17:50:36',null,null),
('3','2017072319215600000030',1.00,'2017-07-23 19:21:56','1','201707231921560031','3',null,'2','2017-07-23 19:21:56','2017-07-23 19:21:56',null,null),
('4','2017072319220500000032',1.00,'2017-07-23 19:22:05','1','201707231922050033','3',null,'2','2017-07-23 19:22:05','2017-07-23 19:22:05',null,null),
('5','2017072319251600000034',1.00,'2017-07-23 19:25:16','1','201707231925160035','3','6','2','2017-07-23 19:25:16','2017-07-23 19:25:16',null,null),
('6','2017072320405200000036',1.00,'2017-07-23 20:40:52','1','201707232040520037','3','6','2','2017-07-23 20:40:52','2017-07-23 20:40:52',null,null),
('7','2017072320593300000038',1.00,'2017-07-23 20:59:33','1','201707232059330039','3','6','2','2017-07-23 20:59:33','2017-07-23 20:59:33',null,null),
('8','2017072321073100000040',10.00,'2017-07-23 21:07:31','1','201707232107310041','1','7','1','2017-07-23 21:07:31','2017-07-23 21:07:31',null,null),
('9','2017072511091600000042',1.00,'2017-07-25 11:09:16','02','201707251109160043','3','6','2','2017-07-25 11:09:16','2017-07-25 11:09:16',null,null),
('10','2017072511093100000044',1.00,'2017-07-25 11:09:31','02','201707251109310045','3','6','2','2017-07-25 11:09:31','2017-07-25 11:09:31',null,null),
('11','2017072512034300000046',1.00,'2017-07-25 12:03:43','02','201707251203430047','3','6','2','2017-07-25 12:03:43','2017-07-25 12:03:43',null,null),
('12','2017072512051900000048',1.00,'2017-07-25 12:05:19','02','201707251205190049','3','6','2','2017-07-25 12:05:19','2017-07-25 12:05:19',null,null),
('13','2017072515014800000050',1.00,'2017-07-25 15:01:52','02','201707251501520051','3','6','2','2017-07-25 15:01:55','2017-07-25 15:01:55',null,null),
('14','borrow0001',500.00,'2017-07-26 02:58:59','02','b201707251501520051','contract001','2','apply001','2017-07-25 15:01:55','2017-07-25 15:01:55',null,null),
('15','8f05810a-047a-4e05-bdf7-b5b8dc9c0c78',5.00,'2017-07-26 17:09:25','02','201707261709250116','6','6','5','2017-07-26 17:09:25','2017-07-26 17:09:25',null,null),
('16','35e81568-2250-4266-be9f-9531b5aef04b',9.00,'2017-07-26 17:28:21','02','201707261728210117','6','6','5','2017-07-26 17:28:21','2017-07-26 17:28:21',null,null),
('17','d462e0d6-11e5-44ce-827d-1e88ea2dd2bc',1.00,'2017-07-26 17:49:26','02','201707261749260118','7','6','6','2017-07-26 17:49:26','2017-07-26 17:49:26',null,null),
('18','670e6a50-2e60-4b0a-b84d-c32544e2e57c',4.00,'2017-07-26 18:52:54','02','201707261852540120','7','6','6','2017-07-26 18:52:54','2017-07-26 18:52:54',null,null),
('19','a6fd5c06-0ad6-4cde-ada1-e2155c3d4841',4.00,'2017-07-26 18:57:02','02','201707261857020121','7','6','6','2017-07-26 18:57:02','2017-07-26 18:57:02',null,null),
('20','8d25b7a1-53f0-494b-9b6c-8e1f81ef774f',9.00,'2017-07-26 18:59:40','02','201707261859400122','7','2','6','2017-07-26 18:59:40','2017-07-26 18:59:40',null,null),
('21','77cea55b-88dd-4808-b049-53ce4dd7268f',1.00,'2017-07-27 09:49:50','02','201707270949500123','1','6','1','2017-07-27 09:49:50','2017-07-27 09:49:50',null,null),
('22','1488a315-4e34-47b2-83f3-d7d28799c2c3',1.00,'2017-07-27 10:05:55','02','201707271005550124','7','2','6','2017-07-27 10:05:55','2017-07-27 10:05:55',null,null),
('23','3a5ea990-b58e-42d1-a315-9506d926acc5',1.00,'2017-07-27 15:27:47','02','201707271527470135','1','6','1','2017-07-27 15:27:47','2017-07-27 15:27:47',null,null),
('24','d99f8952-268c-4b36-8064-1a5352eea1ab',2.00,'2017-07-27 16:15:16','02','201707271615160137','6','2','5','2017-07-27 16:15:16','2017-07-27 16:15:16',null,null),
('25','a06a5178-2fe8-4e59-b039-f3ed0e82d887',3.00,'2017-07-27 16:18:21','02','201707271618210138','7','3','6','2017-07-27 16:18:21','2017-07-27 16:18:21',null,null),
('26','656739cf-4ac6-4cc2-a16e-b6e8d49ae15b',1.00,'2017-07-27 17:49:30','02','201707271749300146','1','6','1','2017-07-27 17:49:30','2017-07-27 17:49:30',null,null),
('27','1ad7f135-af3a-4246-868a-a6e04e5403c9',1.00,'2017-07-27 17:57:10','02','201707271757100148','6','4','5','2017-07-27 17:57:10','2017-07-27 17:57:10',null,null),
('28','1ba5d697-b1c4-4864-a948-50a23984cf38',1.00,'2017-07-27 17:57:27','02','201707271757270149','1','6','1','2017-07-27 17:57:27','2017-07-27 17:57:27',null,null),
('29','1b12b5a4-d1cf-4fc7-8ddc-77f20eaba7fb',123.00,'2017-07-27 19:09:56','02','201707271909560154','contract001','3','apply001','2017-07-27 19:09:56','2017-07-27 19:09:56',null,null),
('30','1fc84815-e95c-412e-91f8-78145099c1b1',12.00,'2017-07-27 19:12:28','02','201707271912280155','contract001','3','apply001','2017-07-27 19:12:28','2017-07-27 19:12:28',null,null),
('31','f2a0f7ce-114d-4240-8edc-8a718011a946',25.00,'2017-07-27 19:19:17','02','201707271919170156','contract001','3','apply001','2017-07-27 19:19:17','2017-07-27 19:19:17',null,null),
('32','463bc288-7269-493c-ae27-cc003ecb4292',1.00,'2017-07-27 19:26:29','02','201707271926290157','6','3','5','2017-07-27 19:26:29','2017-07-27 19:26:29',null,null),
('33','3cf2bbe3-ee87-4c49-90da-bf422a9cbe7c',1.00,'2017-07-27 19:30:10','02','201707271930100158','6','4','5','2017-07-27 19:30:10','2017-07-27 19:30:10',null,null),
('34','0eebfcc7-19b8-4565-9c9e-d4f5defdffd4',1.00,'2017-07-28 11:37:42','02','201707281137420166','1','6','1','2017-07-28 11:37:42','2017-07-28 11:37:42',null,null),
('35','7d3f457e-3f38-4369-a551-b30d8288f1bf',1.00,'2017-07-28 13:40:53','02','201707281340530168','1','6','1','2017-07-28 13:40:53','2017-07-28 13:40:53',null,null),
('36','517d583c-0fe6-47a6-8f35-e5c38685fbb7',1.00,'2017-07-28 13:45:39','02','201707281345390169','1','6','1','2017-07-28 13:45:39','2017-07-28 13:45:39',null,null),
('37','23f032f2-e379-4611-b6bb-92c5e10e512e',12.00,'2017-07-28 16:27:22','02','201707281627220171','contract001','3','apply001','2017-07-28 16:27:22','2017-07-28 16:27:22',null,null),
('38','d22a6598-c418-4c21-bfa1-ad011667b1ce',1.00,'2017-07-30 17:45:49','02','201707301745490186','6','4','5','2017-07-30 17:45:49','2017-07-30 17:45:49',null,null),
('39','2b6a0916-78c1-4b7e-82f4-bb25869d0b0d',1.00,'2017-07-30 17:47:30','02','201707301747300187','6','4','5','2017-07-30 17:47:30','2017-07-30 17:47:30',null,null),
('40','75d2336b-eb5c-45d1-84b6-2b558527091c',1.00,'2017-07-30 17:49:23','02','201707301749230188','6','4','5','2017-07-30 17:49:23','2017-07-30 17:49:23',null,null),
('41','85dff2c5-21ca-40dc-bd29-1b099ec5a263',1.00,'2017-07-30 17:54:37','02','201707301754370189','7','4','6','2017-07-30 17:54:37','2017-07-30 17:54:37',null,null),
('42','173351c4-512c-4862-a09a-1b484ee7b638',46.00,'2017-07-31 09:23:25','02','201707310923250192','contract001','3','apply001','2017-07-31 09:23:25','2017-07-31 09:23:25',null,null);

insert into `plms_account_detail`(`id`,`code`,`total_quota`,`principal`,`remaining_quota`,`interest`,`overdue`,`credit_end_date`,`account_code`,`principal_date`,`contract_code`,`status`,`first_amount`,`create_date`,`modify_date`,`repaymented_principal`,`repaymented_interest`,`repaymented_overdue`,`repaymented_penalty`,`service_fee`,`service_fee_penalty`,`fund_side_balance`,`honghuo_balance`,`repaymented_service_fee`,`repaymented_service_fee_penalty`) values
('1','1',100.00,80.00,3.00,2.00,2.00,'2018-10-18 15:41:40','1','2018-11-21 15:41:45','1','1',1000.00,'2017-07-18','2017-07-18',null,null,null,null,null,null,null,null,null,null),
('2','3',200.00,180.00,9.00,2.00,2.00,'2018-10-11 15:41:40','1','2018-11-18 15:41:45','3','1',1000.00,'2017-07-18','2017-07-18',null,null,null,null,null,null,null,null,null,null),
('3','4',200.00,180.00,14.00,2.00,2.00,'2018-10-11 15:41:40','3','2018-11-18 15:41:45','4','1',1000.00,'2017-07-18','2017-07-18',null,null,null,null,null,null,null,null,null,null),
('4','5',200.00,180.00,2.00,2.00,2.00,'2018-10-11 15:41:40','4','2017-11-18 15:41:45','6','1',1000.00,'2017-07-18','2017-07-18',null,null,null,null,null,null,null,null,null,null),
('5','6',200.00,180.00,14.00,2.00,2.00,'2018-10-11 15:41:40','3','2018-11-18 15:41:45','5','1',1000.00,'2017-07-18','2017-07-18',null,null,null,null,null,null,null,null,null,null),
('6','7',200.00,180.00,6.00,2.00,2.00,'2018-10-11 15:41:40','4','2017-11-18 15:41:45','7','1',1000.00,'2017-07-18','2017-07-18',null,null,null,null,null,null,null,null,null,null),
('7','accDetail001',2000.00,1000.00,782.00,2.00,2.00,'2018-10-11 15:41:40','account0001','2018-11-18 15:41:45','contract001','1',1000.00,'2017-07-18','2017-07-18',null,null,null,null,null,null,null,null,null,null);

insert into `plms_customer`(`id`,`code`,`name`,`old_name`,`id_type`,`id_no`,`start_time`,`end_time`,`age`,`mobile`,`organization`,`titile`,`annual_income`,`address`,`marriage`,`marriage_history`,`is_main`,`account_no`,`apply_code`,`status`,`create_date`,`modify_date`) values
('1','1','Zhuxz','Zhuxz','01','642226199319641587','2017-07-01 15:24:00','2017-08-01 15:24:08','36','15600000000','1111','111',111.00,'1111','01','111','1','13432322w2131','1','1','2017-07-18','2017-07-18'),
('5','123','王雪峰','王雪峰','01','642226199319641587','2017-06-06 13:37:44','2017-08-01 13:37:58','24','15242025845','222','222',222.00,'222','01','222','1','456','1','1','2017-07-19','2017-07-19'),
('6','125','杨优泥','杨优泥','01','642226199319641587','2017-06-06 13:37:44','2017-08-01 13:37:58','24','18501796208','222','222',222.00,'222','01','222','1','456','3','1','2017-07-19','2017-07-19'),
('7','2','张一','张一','01','320404200012121234','2017-06-06 13:37:44','2017-08-01 13:37:58','24','15206117987','222','222',222.00,'222','01','222','1','456','4','1','2017-07-19','2017-07-19');

insert into `plms_apply_info`(`id`,`code`,`apply_date`,`apply_amount`,`apply_period`,`lending_methods`,`intention_money`,`identifying_code`,`remark`,`status`,`create_date`,`modify_date`,`account_code`,`agent_code`,`distribute_code`) values
('1','1','2017-07-18 15:43:00',100.00,'1','1',1.00,'1','1','1','2017-07-18 15:43:26','2017-07-18 15:43:28','c001',null,null),
('2','2','2017-07-18 15:43:00',100.00,'1','1',1.00,'1','1','1','2017-07-18 15:43:26','2017-07-18 15:43:28','c002',null,null),
('3','3','2017-07-18 15:43:00',100.00,'1','1',1.00,'1','1','1','2017-07-18 15:43:26','2017-07-18 15:43:28','c003',null,null),
('4','4','2017-07-18 15:43:00',100.00,'1','1',1.00,'1','1','1','2017-07-18 15:43:26','2017-07-18 15:43:28','c004',null,null),
('5','5','2017-07-18 15:43:00',100.00,'1','1',1.00,'1','1','1','2017-07-18 15:43:26','2017-07-18 15:43:28','c005',null,null),
('6','6','2017-07-18 15:43:00',100.00,'1','1',1.00,'1','1','1','2017-07-18 15:43:26','2017-07-18 15:43:28','c006',null,null),
('7','apply001','2017-07-18 15:30:00',10000.00,'1','1',10.00,'1','1','1','2017-07-18 15:43:26','2017-07-18 15:43:28','c006',null,null);

insert into `plms_repayment_apply`(`id`,`code`,`amount`,`apply_time`,`apply_status`,`business_code`,`contract_code`,`create_date`,`modify_date`,`user_code`) values
('1','R20170718150458000014',100000.00,'2017-07-18 15:04:57','00','B20170718150458000015','H3100','2017-07-18 15:04:57','2017-07-18 15:04:57',null),
('2','R20170718150458000012',100000.00,'2017-07-18 15:04:57','00','B20170718150458000012','1','2017-07-18 15:04:57','2017-07-18 15:04:57',null),
('3','R20170718150458000013',100000.00,'2017-07-18 15:04:57','00','B20170718150458000013','1','2017-07-18 15:04:57','2017-07-18 15:04:57',null),
('4','2017072518482800000058',1.00,'2017-07-25 18:48:28','02','201707251848280059','123456','2017-07-25 18:48:28','2017-07-25 18:48:28',null),
('5','2017072518542100000062',1.00,'2017-07-25 18:54:21','02','201707251854210063','123456','2017-07-25 18:54:21','2017-07-25 18:54:21',null),
('6','2017072610203400000066',1.00,'2017-07-26 10:20:34','02','201707261020340067','1','2017-07-26 10:20:34','2017-07-26 10:20:34',null),
('7','2017072610213100000069',12.00,'2017-07-26 10:21:31','02','201707261021310070','1','2017-07-26 10:21:31','2017-07-26 10:21:31',null),
('8','2017072610375900000072',12.00,'2017-07-26 10:37:59','02','201707261037590073','1','2017-07-26 10:37:59','2017-07-26 10:37:59',null),
('9','2017072610395100000081',2.00,'2017-07-26 10:39:51','02','201707261039510082','1','2017-07-26 10:39:51','2017-07-26 10:39:51',null),
('10','2017072610401300000092',2.00,'2017-07-26 10:40:13','02','201707261040130093','1','2017-07-26 10:40:13','2017-07-26 10:40:13',null),
('11','2017072610443600000103',12.00,'2017-07-26 10:44:36','02','201707261044360104','1','2017-07-26 10:44:36','2017-07-26 10:44:36',null),
('12','2017072610563200000109',12.00,'2017-07-26 10:56:32','02','201707261056320110','1','2017-07-26 10:56:32','2017-07-26 10:56:32',null),
('13','69813e47-5cc8-4131-a8c5-a581c4c7dcfc',10.00,'2017-07-26 17:53:55','02','201707261753550119','1','2017-07-26 17:53:55','2017-07-26 17:53:55',null),
('14','e40661c4-1ad1-418f-b10e-b05c87f86fd1',12.00,'2017-07-27 10:09:17','02','201707271009170125','1','2017-07-27 10:09:17','2017-07-27 10:09:17',null),
('15','8acafdc8-d1cc-4bc2-aae6-ae2ce587f25b',12.00,'2017-07-27 10:12:27','02','201707271012270126','1','2017-07-27 10:12:27','2017-07-27 10:12:27',null),
('16','daf703f0-8133-46ec-ab61-66e543cf2dd0',12.00,'2017-07-27 10:13:17','02','201707271013170127','1','2017-07-27 10:13:17','2017-07-27 10:13:17',null),
('17','bfa0f800-3ec9-4fb2-ad22-5b4fa03e9c7f',12.00,'2017-07-27 10:18:57','02','201707271018570128','1','2017-07-27 10:18:57','2017-07-27 10:18:57',null),
('18','96425b8d-aee8-4b1b-a8ef-d9b98887fcc6',12.00,'2017-07-27 10:22:47','02','201707271022470129','1','2017-07-27 10:22:47','2017-07-27 10:22:47',null),
('19','eaffceac-10c4-477c-bb11-531108aeabef',12.00,'2017-07-27 10:23:16','02','201707271023160130','1','2017-07-27 10:23:16','2017-07-27 10:23:16',null),
('20','bd0511ba-695e-4241-8e25-4723d8b05f26',12.00,'2017-07-27 10:27:12','02','201707271027120131','1','2017-07-27 10:27:12','2017-07-27 10:27:12',null),
('21','3851e85e-1558-4e6d-9619-e77319b14071',20.00,'2017-07-27 11:18:29','02','201707271118290132','1','2017-07-27 11:18:29','2017-07-27 11:18:29',null),
('22','e7d8bd1c-d1e3-4cb5-a544-e1d55af5b8da',123.00,'2017-07-27 14:36:16','02','201707271436160133','contract001','2017-07-27 14:36:16','2017-07-27 14:36:16',null),
('23','c79ff731-e5ff-431d-8b90-adc08561a232',255.00,'2017-07-27 14:52:11','02','201707271452110134','1','2017-07-27 14:52:11','2017-07-27 14:52:11',null),
('24','cdb6c919-76b1-48cb-aebd-3eb813c1682c',12.00,'2017-07-27 16:15:00','02','201707271615000136','contract001','2017-07-27 16:15:00','2017-07-27 16:15:00',null),
('25','6aa61353-0ec6-4781-b5b9-dad76f78f324',123.00,'2017-07-27 16:40:11','02','201707271640110139','contract001','2017-07-27 16:40:11','2017-07-27 16:40:11',null),
('26','0b45e3fc-228d-49fb-bb7f-70547824a2c2',12.00,'2017-07-27 16:40:33','02','201707271640330140','contract001','2017-07-27 16:40:33','2017-07-27 16:40:33',null),
('27','ea338f81-1c72-4cb5-af9e-21a19956e43e',12.00,'2017-07-27 16:47:38','02','201707271647380141','contract001','2017-07-27 16:47:38','2017-07-27 16:47:38',null),
('28','be8f1e28-83f4-4264-ad34-83ecc0b757e5',123.00,'2017-07-27 16:48:58','02','201707271648580142','contract001','2017-07-27 16:48:58','2017-07-27 16:48:58',null),
('29','2bad404a-0c61-4fd0-ab77-ee4869012d56',123.00,'2017-07-27 16:50:45','02','201707271650450143','contract001','2017-07-27 16:50:45','2017-07-27 16:50:45',null),
('30','0186fc68-3e45-4ef6-8db1-63ab70fa4ce8',123.00,'2017-07-27 16:51:46','02','201707271651460144','contract001','2017-07-27 16:51:46','2017-07-27 16:51:46',null),
('31','f3715f66-63cc-4874-9b3e-240e0c6dfece',12.00,'2017-07-27 17:37:28','02','201707271737280145','contract001','2017-07-27 17:37:28','2017-07-27 17:37:28',null),
('32','a17d4796-7b5c-45b9-a985-58e743e4184e',123.00,'2017-07-27 17:55:39','02','201707271755390147','contract001','2017-07-27 17:55:39','2017-07-27 17:55:39',null),
('33','4f96ffe9-ae17-4f1c-961f-528a1ee2e427',5.00,'2017-07-27 18:00:13','02','201707271800130150','1','2017-07-27 18:00:13','2017-07-27 18:00:13',null),
('34','c7cb46d9-5e5c-4b21-840b-6e0c32c50af3',2.00,'2017-07-27 18:09:20','02','201707271809200151','1','2017-07-27 18:09:20','2017-07-27 18:09:20',null),
('35','e26e8e2d-3d45-409c-8b97-d63cd72e727e',12.00,'2017-07-27 18:09:57','02','201707271809570152','contract001','2017-07-27 18:09:57','2017-07-27 18:09:57',null),
('36','938c6b0f-49bf-466c-bdd0-81e2c073951b',123.00,'2017-07-27 19:06:49','02','201707271906490153','contract001','2017-07-27 19:06:49','2017-07-27 19:06:49',null),
('37','a72ec0ea-3354-49df-9859-29e57fe25f68',12.00,'2017-07-28 07:11:07','02','201707280711070159','contract001','2017-07-28 07:11:07','2017-07-28 07:11:07',null),
('38','d44c597d-b697-4fcc-a308-c20b436562b4',12.00,'2017-07-28 09:06:09','02','201707280906090160','contract001','2017-07-28 09:06:09','2017-07-28 09:06:09',null),
('39','d55fef61-2892-4e96-b7de-8d9e0606a7b9',123.00,'2017-07-28 10:04:38','02','201707281004380161','contract001','2017-07-28 10:04:38','2017-07-28 10:04:38',null),
('40','7413ed26-c3e4-43e0-894b-143e0f911b39',123.00,'2017-07-28 10:19:22','02','201707281019220162','contract001','2017-07-28 10:19:22','2017-07-28 10:19:22',null),
('41','e853bdec-b92b-450f-aa7d-d209ff5080d9',25.00,'2017-07-28 10:23:57','02','201707281023570163','contract001','2017-07-28 10:23:57','2017-07-28 10:23:57',null),
('42','ce19952b-683a-4f41-84fa-5d6c09a98bcd',2.00,'2017-07-28 10:28:16','02','201707281028160164','contract001','2017-07-28 10:28:16','2017-07-28 10:28:16',null),
('43','ad3e216c-4fc4-45ef-98ea-6367b5aaa4d1',123.00,'2017-07-28 11:10:52','02','201707281110520165','contract001','2017-07-28 11:10:52','2017-07-28 11:10:52',null),
('44','0dc2fc71-6533-42c2-9eeb-38b7d220de59',12.00,'2017-07-28 11:38:23','02','201707281138230167','1','2017-07-28 11:38:23','2017-07-28 11:38:23',null),
('45','26c82d3a-fae9-4c8c-abfa-8bf603f559ff',12.00,'2017-07-28 13:47:48','02','201707281347480170','1','2017-07-28 13:47:48','2017-07-28 13:47:48',null),
('46','acf7c1f3-7015-4e55-b1b5-4a4dd4d738b1',125.00,'2017-07-28 18:31:34','02','201707281831340172','contract001','2017-07-28 18:31:34','2017-07-28 18:31:34',null),
('47','b50f1728-4d2a-4387-a3cb-c7726740b458',123.00,'2017-07-28 18:38:45','02','201707281838450173','contract001','2017-07-28 18:38:45','2017-07-28 18:38:45',null),
('48','dfafe41f-bb73-473d-857d-e0a81f1c9713',123.00,'2017-07-28 18:41:29','02','201707281841290174','contract001','2017-07-28 18:41:29','2017-07-28 18:41:29',null),
('49','5e53162b-022e-41e9-ab0b-c31c1c16bb1f',123.00,'2017-07-28 18:41:29','02','201707281841290175','contract001','2017-07-28 18:41:29','2017-07-28 18:41:29',null),
('50','215e58eb-29b9-4128-96a6-1e85fbf39ebb',123.00,'2017-07-28 19:28:39','02','201707281928390176','contract001','2017-07-28 19:28:39','2017-07-28 19:28:39',null),
('51','bd855c69-5d9f-4cd8-9eeb-fb4bf186f216',125.00,'2017-07-28 19:30:12','02','201707281930120177','contract001','2017-07-28 19:30:12','2017-07-28 19:30:12',null),
('52','f4647b14-3672-4c4b-8fbd-6625660afa37',123.00,'2017-07-28 19:33:08','02','201707281933080178','contract001','2017-07-28 19:33:08','2017-07-28 19:33:08',null),
('53','269c882c-02b3-4e8f-a8d5-088b9db69fbe',128.00,'2017-07-28 19:34:11','02','201707281934110179','contract001','2017-07-28 19:34:11','2017-07-28 19:34:11',null),
('54','97d184c6-a3be-4b9a-8894-dd541d4baec2',454.00,'2017-07-30 17:11:30','02','201707301711300180','contract001','2017-07-30 17:11:30','2017-07-30 17:11:30',null),
('55','63dfc0d9-1c5c-4bb0-9807-ce145271585f',454.00,'2017-07-30 17:11:31','02','201707301711310181','contract001','2017-07-30 17:11:31','2017-07-30 17:11:31',null),
('56','7e63d52e-cad5-4dc5-a5aa-d4e8ea784413',4646.00,'2017-07-30 17:27:41','02','201707301727410182','contract001','2017-07-30 17:27:41','2017-07-30 17:27:41',null),
('57','ab0890b3-c02c-4a2c-a8bb-4704e357c54e',16.00,'2017-07-30 17:34:27','02','201707301734270183','contract001','2017-07-30 17:34:27','2017-07-30 17:34:27',null),
('58','9df4a0b0-3d52-4ddb-bce0-ab354eb1a959',16.00,'2017-07-30 17:34:27','02','201707301734270184','contract001','2017-07-30 17:34:27','2017-07-30 17:34:27',null),
('59','17259186-9564-4898-9214-12d37d67ce25',16.00,'2017-07-30 17:34:30','02','201707301734300185','contract001','2017-07-30 17:34:30','2017-07-30 17:34:30',null),
('60','bf6f5629-986e-43a8-b005-ea4e81789fb0',200.00,'2017-07-30 18:03:18','02','201707301803180190','7','2017-07-30 18:03:18','2017-07-30 18:03:18',null),
('61','ca2caafb-dff2-4edb-a5ca-7a456e1b4982',500000.00,'2017-07-30 18:08:18','02','201707301808180191','7','2017-07-30 18:08:18','2017-07-30 18:08:18',null),
('62','ed67fc13-aa45-4ddb-ab11-31d112d5cfa7',1000.00,'2017-07-31 10:03:05','02','201707311003050193','contract001','2017-07-31 10:03:05','2017-07-31 10:03:05',null),
('63','d536fdd8-b648-4701-b7c6-7c059af76917',464646.00,'2017-07-31 10:03:54','02','201707311003540194','contract001','2017-07-31 10:03:54','2017-07-31 10:03:54',null),
('64','1c5df72a-20d4-46d4-a7e0-f50bf9fcad95',12.00,'2017-07-31 10:42:07','02','201707311042070195','contract001','2017-07-31 10:42:07','2017-07-31 10:42:07',null),
('65','f0aef6b1-98f9-4b29-8407-9f6a778ddc89',12.00,'2017-07-31 16:59:25','02','201707311659250196','contract001','2017-07-31 16:59:25','2017-07-31 16:59:25',null),
('66','b37aa832-581a-407f-aa35-1c8b2ae173de',12.00,'2017-07-31 16:59:26','02','201707311659260197','contract001','2017-07-31 16:59:26','2017-07-31 16:59:26',null),
('67','fe5b5355-efb8-488b-8897-3a4b891bdb9c',45.00,'2017-07-31 17:03:38','02','201707311703380198','contract001','2017-07-31 17:03:38','2017-07-31 17:03:38',null),
('68','b9542020-c6aa-4bc7-89c3-61912907eea4',46.00,'2017-07-31 17:13:14','02','201707311713140199','contract001','2017-07-31 17:13:14','2017-07-31 17:13:14',null),
('69','a3b21a55-a4c7-4b32-817c-0bf6a4556729',1313.00,'2017-08-01 14:07:45','02','201708011407450200','1','2017-08-01 14:07:45','2017-08-01 14:07:45',null);

insert into `plms_user_info`(`id`,`code`,`um_id`,`name`,`id_type`,`id_no`,`status`,`create_date`,`modify_date`) values
('1','1','2017063015180000000033','Zhuxz','01','642226199319641587','1','2017-07-25 18:33:52','2017-07-25 18:33:52'),
('2','123','2017063015180000000032','王雪峰','01','642226199319641587','1','2017-07-25 10:39:03','2017-07-25 10:39:06'),
('3','125','2017063015180000000034','杨优泥','01','642226199319641587','1','2017-07-25 10:39:03','2017-07-25 10:39:06'),
('4','2','2017063015180000000035','张一','01','320404200012121234','1','2017-07-25 19:42:37','2017-07-25 19:42:37');

insert into `plms_house`(`id`,`code`,`certificate_number_first`,`certificate_number_second`,`register_date`,`property_area`,`certificate_address`,`land_property`,`acquisition_form`,`land_usage`,`type`,`covered_area`,`garage_address`,`garage_area`,`total_floor`,`build_year`,`share_type`,`minors_units`,`owner_source`,`usage_detail`,`is_unique`,`registered_residence_structure`,`remark`,`mortgage_type`,`first_balance_type`,`first_balance_amount`,`first_mortgage_amount`,`second_mortgage_amount`,`mortgage_rate`,`inquiry_information`,`contract_code`,`status`,`create_date`,`modify_date`,`city_no`) values
('1','1','1','1','2017-07-18 15:33:26','01','233','01','01','01','01',100.00,'111',111.00,'8','2014','01','1','01','1','1','01','1','1','1',1.00,1.00,1.00,1.00,1.00,'1','1','2017-07-18 15:36:44','2017-07-18 15:36:50',null),
('2','2','1','1','2017-07-18 15:33:26','01','233','01','01','01','01',100.00,'111',111.00,'8','2014','01','1','01','1','1','01','1','1','1',1.00,1.00,1.00,1.00,1.00,'1','1','2017-07-18 15:36:44','2017-07-18 15:36:50',null),
('3','3','1','1','2017-07-18 15:33:26','01','233','01','01','01','01',100.00,'111',111.00,'8','2014','01','1','01','1','1','01','1','1','1',1.00,1.00,1.00,1.00,1.00,'3','1','2017-07-18 15:36:44','2017-07-18 15:36:50',null),
('4','4','1','1','2017-07-18 15:33:26','01','233','01','01','01','01',100.00,'111',111.00,'8','2014','01','1','01','1','1','01','1','1','1',1.00,1.00,1.00,1.00,1.00,'4','1','2017-07-18 15:36:44','2017-07-18 15:36:50',null),
('5','5','1','1','2017-07-18 15:33:26','01','233','01','01','01','01',100.00,'111',111.00,'8','2014','01','1','01','1','1','01','1','1','1',1.00,1.00,1.00,1.00,1.00,'4','1','2017-07-18 15:36:44','2017-07-18 15:36:50',null),
('6','6','1','1','2017-07-18 15:33:26','01','233','01','01','01','01',100.00,'111',111.00,'8','2014','01','1','01','1','1','01','1','1','1',1.00,1.00,1.00,1.00,1.00,'5','1','2017-07-18 15:36:44','2017-07-18 15:36:50',null),
('7','7','1','1','2017-07-18 15:33:26','01','233','01','01','01','01',100.00,'111',111.00,'8','2014','01','1','01','1','1','01','1','1','1',1.00,1.00,1.00,1.00,1.00,'6','1','2017-07-18 15:36:44','2017-07-18 15:36:50',null),
('8','8','1','1','2017-07-18 15:33:26','01','233','01','01','01','01',100.00,'111',111.00,'8','2014','01','1','01','1','1','01','1','1','1',1.00,1.00,1.00,1.00,1.00,'6','1','2017-07-18 15:36:44','2017-07-18 15:36:50',null),
('9','9','1','1','2017-07-18 15:33:26','01','233','01','01','01','01',100.00,'111',111.00,'8','2014','01','1','01','1','1','01','1','1','1',1.00,1.00,1.00,1.00,1.00,'7','1','2017-07-18 15:36:44','2017-07-18 15:36:50',null);

insert into `plms_repayment_schedule_detail`(`id`,`code`,`current_period`,`total_period`,`repayment_date`,`amount`,`principal`,`interest`,`overdue`,`repaymented_principal`,`repaymented_interest`,`repaymented_overdue`,`status`,`paid_code`,`create_date`,`modify_date`,`schedule_code`,`principal_account_code`,`interest_account_code`,`total_overdue_days`,`service_fee`,`service_fee_penalty`,`repaymented_service_fee`,`repaymented_service_fee_penalty`) values
('1','000001','1','2','2017-07-25 23:24:33',100.00,80.00,2.00,1.00,null,null,null,'02','001','2017-07-24 23:07:52','2017-07-24 23:07:52','1',null,null,null,null,null,null,null),
('2','000002','2','2','2017-07-26 03:26:58',100.00,80.00,2.00,1.00,null,null,null,'02','001','2017-07-24 23:07:52','2017-07-24 23:07:52','1',null,null,null,null,null,null,null),
('3','sDetail001','1','2','2017-07-26 03:36:39',100.00,80.00,2.00,1.00,null,null,null,'02','paid001','2017-07-24 23:07:52','2017-07-24 23:07:52','1',null,null,null,null,null,null,null),
('4','sDetail002','2','2','2017-07-26 03:36:35',100.00,80.00,2.00,1.00,null,null,null,'02','paid001','2017-07-24 23:07:52','2017-07-24 23:07:52','1',null,null,null,null,null,null,null);

insert into `plms_repayment_schedule`(`id`,`code`,`current_period`,`total_period`,`repayment_date`,`amount`,`principal`,`interest`,`overdue`,`status`,`detail_code`,`user_code`,`create_date`,`modify_date`,`repaymented_principal`,`repaymented_interest`,`repaymented_overdue`,`service_fee`,`service_fee_penalty`,`repaymented_service_fee`,`repaymented_service_fee_penalty`) values
('1','1','1','2','2017-07-21',102.11,80.00,20.01,2.10,'02','1','1','2017-07-18 17:15:45','2017-07-18 17:15:48',null,null,null,null,null,null,null),
('2','2','2','2','2017-07-31',102.22,80.00,20.02,2.20,'02','1','1','2017-07-18 17:15:45','2017-07-18 17:15:48',null,null,null,null,null,null,null),
('3','3','1','1','2017-07-21',102.22,80.00,20.02,2.20,'02','1','1','2017-07-18 17:15:45','2017-07-18 17:15:48',null,null,null,null,null,null,null),
('4','4','1','2','2017-07-21',102.11,80.00,20.01,2.10,'02','1','123','2017-07-18 17:15:45','2017-07-18 17:15:48',null,null,null,null,null,null,null),
('5','5','2','2','2017-07-31',102.22,80.00,20.02,2.20,'02','1','123','2017-07-18 17:15:45','2017-07-18 17:15:48',null,null,null,null,null,null,null),
('6','6','1','1','2017-07-21',102.22,80.00,20.02,2.20,'02','1','123','2017-07-18 17:15:45','2017-07-18 17:15:48',null,null,null,null,null,null,null),
('7','7','1','2','2017-07-21',102.11,80.00,20.01,2.10,'02','1','2','2017-07-18 17:15:45','2017-07-18 17:15:48',null,null,null,null,null,null,null),
('8','8','2','2','2017-07-31',102.22,80.00,20.02,2.20,'02','1','2','2017-07-18 17:15:45','2017-07-18 17:15:48',null,null,null,null,null,null,null),
('9','9','1','1','2017-07-21',102.22,80.00,20.02,2.20,'02','1','2','2017-07-18 17:15:45','2017-07-18 17:15:48',null,null,null,null,null,null,null),
('10','10','1','2','2017-07-21',102.11,80.00,20.01,2.10,'02','1','125','2017-07-18 17:15:45','2017-07-18 17:15:48',null,null,null,null,null,null,null),
('11','11','2','2','2017-07-31',102.22,80.00,20.02,2.20,'02','1','125','2017-07-18 17:15:45','2017-07-18 17:15:48',null,null,null,null,null,null,null),
('12','12','1','1','2017-07-21',102.22,80.00,20.02,2.20,'02','1','125','2017-07-18 17:15:45','2017-07-18 17:15:48',null,null,null,null,null,null,null),
('13','sDetail001','1','2','2017-07-21',102.22,80.00,20.02,2.20,'02','accDetail001','125','2017-07-18 17:15:45','2017-07-18 17:15:48',null,null,null,null,null,null,null);

insert into `plms_paid_voucher`(`id`,`code`,`file_code`,`status`,`create_date`,`modify_date`,`repayment_apply_code`) values
('1','V20170718150457000013','S0001','1','2017-07-18 15:04:57','2017-07-18 15:04:57',null),
('2','2017072518482800000060','15919acc-7169-11e7-bced-1866dae83f00','1','2017-07-25 18:48:28','2017-07-25 18:48:28','2017072518482800000058'),
('3','2017072518482800000061','15955d70-7169-11e7-bced-1866dae83f00','1','2017-07-25 18:48:28','2017-07-25 18:48:28','2017072518482800000058'),
('4','2017072518542100000064','e52bc132-7169-11e7-bced-1866dae83f00','1','2017-07-25 18:54:21','2017-07-25 18:54:21','2017072518542100000062'),
('5','2017072518542100000065','e8344d69-7169-11e7-bced-1866dae83f00','1','2017-07-25 18:54:21','2017-07-25 18:54:21','2017072518542100000062'),
('6','2017072610203400000068','493b230d-71eb-11e7-bced-1866dae83f00','1','2017-07-26 10:20:34','2017-07-26 10:20:34','2017072610203400000066'),
('7','2017072610213100000071','686a1421-71eb-11e7-bced-1866dae83f00','1','2017-07-26 10:21:31','2017-07-26 10:21:31','2017072610213100000069'),
('8','2017072610375900000074','babf101d-71ed-11e7-bced-1866dae83f00','1','2017-07-26 10:37:59','2017-07-26 10:37:59','2017072610375900000072'),
('9','2017072610375900000075','bac73cb3-71ed-11e7-bced-1866dae83f00','1','2017-07-26 10:37:59','2017-07-26 10:37:59','2017072610375900000072'),
('10','2017072610375900000076','bacd88a3-71ed-11e7-bced-1866dae83f00','1','2017-07-26 10:37:59','2017-07-26 10:37:59','2017072610375900000072'),
('11','2017072610375900000077','bad34c82-71ed-11e7-bced-1866dae83f00','1','2017-07-26 10:37:59','2017-07-26 10:37:59','2017072610375900000072'),
('12','2017072610375900000078','bad96014-71ed-11e7-bced-1866dae83f00','1','2017-07-26 10:37:59','2017-07-26 10:37:59','2017072610375900000072'),
('13','2017072610375900000079','bae00969-71ed-11e7-bced-1866dae83f00','1','2017-07-26 10:37:59','2017-07-26 10:37:59','2017072610375900000072'),
('14','2017072610375900000080','bae6ab40-71ed-11e7-bced-1866dae83f00','1','2017-07-26 10:37:59','2017-07-26 10:37:59','2017072610375900000072'),
('15','2017072610395100000083','fac0d5b5-71ed-11e7-bced-1866dae83f00','1','2017-07-26 10:39:51','2017-07-26 10:39:51','2017072610395100000081'),
('16','2017072610395100000084','fdc926a5-71ed-11e7-bced-1866dae83f00','1','2017-07-26 10:39:51','2017-07-26 10:39:51','2017072610395100000081'),
('17','2017072610395100000085','fdcf564f-71ed-11e7-bced-1866dae83f00','1','2017-07-26 10:39:51','2017-07-26 10:39:51','2017072610395100000081'),
('18','2017072610395100000086','fdd656b1-71ed-11e7-bced-1866dae83f00','1','2017-07-26 10:39:51','2017-07-26 10:39:51','2017072610395100000081'),
('19','2017072610395100000087','fddd44b4-71ed-11e7-bced-1866dae83f00','1','2017-07-26 10:39:51','2017-07-26 10:39:51','2017072610395100000081'),
('20','2017072610395100000088','fde3a766-71ed-11e7-bced-1866dae83f00','1','2017-07-26 10:39:51','2017-07-26 10:39:51','2017072610395100000081'),
('21','2017072610395100000089','fdeb96f0-71ed-11e7-bced-1866dae83f00','1','2017-07-26 10:39:51','2017-07-26 10:39:51','2017072610395100000081'),
('22','2017072610395100000090','fdf1debf-71ed-11e7-bced-1866dae83f00','1','2017-07-26 10:39:51','2017-07-26 10:39:51','2017072610395100000081'),
('23','2017072610395100000091','fdf89a21-71ed-11e7-bced-1866dae83f00','1','2017-07-26 10:39:51','2017-07-26 10:39:51','2017072610395100000081'),
('24','2017072610401300000094','0ae26fd1-71ee-11e7-bced-1866dae83f00','1','2017-07-26 10:40:13','2017-07-26 10:40:13','2017072610401300000092'),
('25','2017072610401300000095','0ae9cbf6-71ee-11e7-bced-1866dae83f00','1','2017-07-26 10:40:13','2017-07-26 10:40:13','2017072610401300000092'),
('26','2017072610401300000096','0af07143-71ee-11e7-bced-1866dae83f00','1','2017-07-26 10:40:13','2017-07-26 10:40:13','2017072610401300000092'),
('27','2017072610401300000097','0af6b925-71ee-11e7-bced-1866dae83f00','1','2017-07-26 10:40:13','2017-07-26 10:40:13','2017072610401300000092'),
('28','2017072610401300000098','0afede59-71ee-11e7-bced-1866dae83f00','1','2017-07-26 10:40:13','2017-07-26 10:40:13','2017072610401300000092'),
('29','2017072610401300000099','0b050136-71ee-11e7-bced-1866dae83f00','1','2017-07-26 10:40:13','2017-07-26 10:40:13','2017072610401300000092'),
('30','2017072610401300000100','0b0c0878-71ee-11e7-bced-1866dae83f00','1','2017-07-26 10:40:13','2017-07-26 10:40:13','2017072610401300000092'),
('31','2017072610401300000101','0b12c3ec-71ee-11e7-bced-1866dae83f00','1','2017-07-26 10:40:13','2017-07-26 10:40:13','2017072610401300000092'),
('32','2017072610401300000102','0b195b39-71ee-11e7-bced-1866dae83f00','1','2017-07-26 10:40:13','2017-07-26 10:40:13','2017072610401300000092'),
('33','2017072610443600000105','a4946fe3-71ee-11e7-bced-1866dae83f00','1','2017-07-26 10:44:36','2017-07-26 10:44:36','2017072610443600000103'),
('34','2017072610443600000106','a79d3850-71ee-11e7-bced-1866dae83f00','1','2017-07-26 10:44:36','2017-07-26 10:44:36','2017072610443600000103'),
('35','2017072610443600000107','a7a3645d-71ee-11e7-bced-1866dae83f00','1','2017-07-26 10:44:36','2017-07-26 10:44:36','2017072610443600000103'),
('36','2017072610443600000108','a7a9448d-71ee-11e7-bced-1866dae83f00','1','2017-07-26 10:44:36','2017-07-26 10:44:36','2017072610443600000103'),
('37','2017072610563200000111','4c95e187-71f0-11e7-bced-1866dae83f00','1','2017-07-26 10:56:32','2017-07-26 10:56:32','2017072610563200000109'),
('38','2017072610563200000112','5292f9b6-71f0-11e7-bced-1866dae83f00','1','2017-07-26 10:56:32','2017-07-26 10:56:32','2017072610563200000109'),
('39','2017072610563200000113','5298ddf8-71f0-11e7-bced-1866dae83f00','1','2017-07-26 10:56:32','2017-07-26 10:56:32','2017072610563200000109'),
('40','2017072610563200000114','529f4ec3-71f0-11e7-bced-1866dae83f00','1','2017-07-26 10:56:32','2017-07-26 10:56:32','2017072610563200000109'),
('41','d5715af5-76a9-4683-b0c0-4fbb24e8faf1','5361928a-71e8-11e7-917f-008cfae413f8','1','2017-07-26 17:53:55','2017-07-26 17:53:55','69813e47-5cc8-4131-a8c5-a581c4c7dcfc'),
('42','f9fb88ae-a6ed-4862-883a-a52ee42f2241','931fdabf-7270-11e7-917f-008cfae413f8','1','2017-07-27 10:09:17','2017-07-27 10:09:17','e40661c4-1ad1-418f-b10e-b05c87f86fd1'),
('43','1c7e1191-c423-4e95-bc37-0439539dccf9','953904c6-7270-11e7-917f-008cfae413f8','1','2017-07-27 10:09:17','2017-07-27 10:09:17','e40661c4-1ad1-418f-b10e-b05c87f86fd1'),
('44','64f912a1-1628-4edd-9d84-1ac717eab85f','f64133c8-7270-11e7-917f-008cfae413f8','1','2017-07-27 10:12:27','2017-07-27 10:12:27','8acafdc8-d1cc-4bc2-aae6-ae2ce587f25b'),
('45','c34f5542-bd48-4125-b656-ed46ebd2216f','fe95174a-7270-11e7-917f-008cfae413f8','1','2017-07-27 10:12:27','2017-07-27 10:12:27','8acafdc8-d1cc-4bc2-aae6-ae2ce587f25b'),
('46','117250de-bd3c-43a2-8b96-3a2312c51ac7','13aad044-7271-11e7-917f-008cfae413f8','1','2017-07-27 10:13:17','2017-07-27 10:13:17','daf703f0-8133-46ec-ab61-66e543cf2dd0'),
('47','f0fd98f2-184b-433d-9a8c-7acdbc171ea2','1c01c240-7271-11e7-917f-008cfae413f8','1','2017-07-27 10:13:17','2017-07-27 10:13:17','daf703f0-8133-46ec-ab61-66e543cf2dd0'),
('48','a3dcf6ca-cb75-4460-bf4d-8c75eaac9291','eb876196-7271-11e7-917f-008cfae413f8','1','2017-07-27 10:18:57','2017-07-27 10:18:57','bfa0f800-3ec9-4fb2-ad22-5b4fa03e9c7f'),
('49','a8a0197e-834f-4d8e-96b2-f365c776ed66','ece748a5-7271-11e7-917f-008cfae413f8','1','2017-07-27 10:18:57','2017-07-27 10:18:57','bfa0f800-3ec9-4fb2-ad22-5b4fa03e9c7f'),
('50','bb2561f5-dbb8-465a-a6b7-61de518b48c4','ee40e76a-7271-11e7-917f-008cfae413f8','1','2017-07-27 10:18:57','2017-07-27 10:18:57','bfa0f800-3ec9-4fb2-ad22-5b4fa03e9c7f'),
('51','0a9db523-e925-4d51-9dfe-533cffea1a52','eff44379-7271-11e7-917f-008cfae413f8','1','2017-07-27 10:18:57','2017-07-27 10:18:57','bfa0f800-3ec9-4fb2-ad22-5b4fa03e9c7f'),
('52','d1000850-387a-40c3-a49e-09ef1dd293cb','f0c30b17-7271-11e7-917f-008cfae413f8','1','2017-07-27 10:18:57','2017-07-27 10:18:57','bfa0f800-3ec9-4fb2-ad22-5b4fa03e9c7f'),
('53','ce084c96-bbe6-4b45-833e-7710424baa6a','6f38c593-7272-11e7-917f-008cfae413f8','1','2017-07-27 10:22:47','2017-07-27 10:22:47','96425b8d-aee8-4b1b-a8ef-d9b98887fcc6'),
('54','79370165-5fd8-4c47-9b21-c9b7ea1d92c1','7097fb54-7272-11e7-917f-008cfae413f8','1','2017-07-27 10:22:47','2017-07-27 10:22:47','96425b8d-aee8-4b1b-a8ef-d9b98887fcc6'),
('55','7b75225d-5fea-4632-b81e-4e52a72bd2d7','71f0e87f-7272-11e7-917f-008cfae413f8','1','2017-07-27 10:22:47','2017-07-27 10:22:47','96425b8d-aee8-4b1b-a8ef-d9b98887fcc6'),
('56','ba407c36-99b9-4317-b1a4-372eef23c7e2','73b52970-7272-11e7-917f-008cfae413f8','1','2017-07-27 10:22:47','2017-07-27 10:22:47','96425b8d-aee8-4b1b-a8ef-d9b98887fcc6'),
('57','03efb6cc-5260-4a73-9de8-c66e1aad561c','7487604f-7272-11e7-917f-008cfae413f8','1','2017-07-27 10:22:47','2017-07-27 10:22:47','96425b8d-aee8-4b1b-a8ef-d9b98887fcc6'),
('58','9e8aaa7f-dc2f-4b6b-bfc0-830778980bb8','75983bf2-7272-11e7-917f-008cfae413f8','1','2017-07-27 10:22:47','2017-07-27 10:22:47','96425b8d-aee8-4b1b-a8ef-d9b98887fcc6'),
('59','deae5733-ed5e-4967-8ad5-6b06c8eb5b55','76f58365-7272-11e7-917f-008cfae413f8','1','2017-07-27 10:22:47','2017-07-27 10:22:47','96425b8d-aee8-4b1b-a8ef-d9b98887fcc6'),
('60','8b2e68c9-1935-4976-8dd9-49e7913feda0','784f0f6e-7272-11e7-917f-008cfae413f8','1','2017-07-27 10:22:47','2017-07-27 10:22:47','96425b8d-aee8-4b1b-a8ef-d9b98887fcc6'),
('61','a75bd3eb-3f54-4639-989a-c18f15ad4fc8','7a01f4a9-7272-11e7-917f-008cfae413f8','1','2017-07-27 10:22:47','2017-07-27 10:22:47','96425b8d-aee8-4b1b-a8ef-d9b98887fcc6'),
('62','7f9504c7-81aa-4cd6-a4cd-a6461253a6ad','8bef78a4-7272-11e7-917f-008cfae413f8','1','2017-07-27 10:23:16','2017-07-27 10:23:16','eaffceac-10c4-477c-bb11-531108aeabef'),
('63','92b73e1f-466b-4ac2-8e7e-fc49099c8833','187ea8bf-7273-11e7-917f-008cfae413f8','1','2017-07-27 10:27:12','2017-07-27 10:27:12','bd0511ba-695e-4241-8e25-4723d8b05f26'),
('64','0824c422-fe97-4695-b011-ece1295518c8','18daa7fa-7273-11e7-917f-008cfae413f8','1','2017-07-27 10:27:12','2017-07-27 10:27:12','bd0511ba-695e-4241-8e25-4723d8b05f26'),
('65','450e78ee-d998-419f-8e26-5ed8803585f3','4304e495-727a-11e7-917f-008cfae413f8','1','2017-07-27 11:18:29','2017-07-27 11:18:29','3851e85e-1558-4e6d-9619-e77319b14071'),
('66','53668573-40f1-4b63-8720-044c56071900','e4069477-7295-11e7-917f-008cfae413f8','1','2017-07-27 14:36:16','2017-07-27 14:36:16','e7d8bd1c-d1e3-4cb5-a544-e1d55af5b8da'),
('67','8b271351-8ff4-4626-b213-cc57e17e55d5','1d01a304-7298-11e7-917f-008cfae413f8','1','2017-07-27 14:52:11','2017-07-27 14:52:11','c79ff731-e5ff-431d-8b90-adc08561a232'),
('68','59cd95f5-8d4b-4f1d-8116-46bffb7fc654','1d102722-7298-11e7-917f-008cfae413f8','1','2017-07-27 14:52:11','2017-07-27 14:52:11','c79ff731-e5ff-431d-8b90-adc08561a232'),
('69','afe8a49a-f250-499c-bf9a-9212f33e95df','1d1d7b4a-7298-11e7-917f-008cfae413f8','1','2017-07-27 14:52:11','2017-07-27 14:52:11','c79ff731-e5ff-431d-8b90-adc08561a232'),
('70','4d339a8e-a6b5-423d-b923-ae47e2947bbe','1d2d07b8-7298-11e7-917f-008cfae413f8','1','2017-07-27 14:52:11','2017-07-27 14:52:11','c79ff731-e5ff-431d-8b90-adc08561a232'),
('71','e57db24e-5e86-48f5-86ce-e44dff85872d','1d39dc51-7298-11e7-917f-008cfae413f8','1','2017-07-27 14:52:11','2017-07-27 14:52:11','c79ff731-e5ff-431d-8b90-adc08561a232'),
('72','f8dfba08-e64e-4412-b328-fff216d36e6f','1d461877-7298-11e7-917f-008cfae413f8','1','2017-07-27 14:52:11','2017-07-27 14:52:11','c79ff731-e5ff-431d-8b90-adc08561a232'),
('73','2164955d-0809-48ee-8416-b7900335c60c','1d59d275-7298-11e7-917f-008cfae413f8','1','2017-07-27 14:52:11','2017-07-27 14:52:11','c79ff731-e5ff-431d-8b90-adc08561a232'),
('74','14ac2404-f114-4fdd-ba58-f3f38b21e04f','1d6ab2e2-7298-11e7-917f-008cfae413f8','1','2017-07-27 14:52:11','2017-07-27 14:52:11','c79ff731-e5ff-431d-8b90-adc08561a232'),
('75','3e316a59-ee03-4ba5-8c2e-9e80589afd73','1d772dba-7298-11e7-917f-008cfae413f8','1','2017-07-27 14:52:11','2017-07-27 14:52:11','c79ff731-e5ff-431d-8b90-adc08561a232'),
('76','ec0c1ea2-b16c-41ff-9aa4-907ee6a56de4','af320c83-72a3-11e7-917f-008cfae413f8','1','2017-07-27 16:15:00','2017-07-27 16:15:00','cdb6c919-76b1-48cb-aebd-3eb813c1682c'),
('77','4ca72e40-5e23-4c9f-b9ef-205a7e65cfed','af3d1d20-72a3-11e7-917f-008cfae413f8','1','2017-07-27 16:15:00','2017-07-27 16:15:00','cdb6c919-76b1-48cb-aebd-3eb813c1682c'),
('78','d4b36acb-045a-48f2-a5aa-583a66963584','33ceb505-72a7-11e7-917f-008cfae413f8','1','2017-07-27 16:40:11','2017-07-27 16:40:11','6aa61353-0ec6-4781-b5b9-dad76f78f324'),
('79','578b655d-3da7-47d1-a0bc-6f34895df117','40ccea06-72a7-11e7-917f-008cfae413f8','1','2017-07-27 16:40:33','2017-07-27 16:40:33','0b45e3fc-228d-49fb-bb7f-70547824a2c2'),
('80','589241f8-186e-4298-beae-e259d96ccc99','3e279219-72a8-11e7-917f-008cfae413f8','1','2017-07-27 16:47:38','2017-07-27 16:47:38','ea338f81-1c72-4cb5-af9e-21a19956e43e'),
('81','9466bfba-6157-4a5a-b642-3ebfbbfdda89','6e02ffcc-72a8-11e7-917f-008cfae413f8','1','2017-07-27 16:48:58','2017-07-27 16:48:58','be8f1e28-83f4-4264-ad34-83ecc0b757e5'),
('82','5a757737-8d0e-414d-b9b7-5eceb428618f','adf1886c-72a8-11e7-917f-008cfae413f8','1','2017-07-27 16:50:45','2017-07-27 16:50:45','2bad404a-0c61-4fd0-ab77-ee4869012d56'),
('83','5e5a5acd-fdfb-47e0-88a4-129ba0e87b14','d225dcf6-72a8-11e7-917f-008cfae413f8','1','2017-07-27 16:51:46','2017-07-27 16:51:46','0186fc68-3e45-4ef6-8db1-63ab70fa4ce8'),
('84','236373fa-25e7-43d6-a726-205f3583a5fa','349aeb61-72af-11e7-917f-008cfae413f8','1','2017-07-27 17:37:28','2017-07-27 17:37:28','f3715f66-63cc-4874-9b3e-240e0c6dfece'),
('85','c4d6c7c8-dc6a-493c-a179-1080c42e3afe','bea66e57-72b1-11e7-917f-008cfae413f8','1','2017-07-27 17:55:39','2017-07-27 17:55:39','a17d4796-7b5c-45b9-a985-58e743e4184e'),
('86','31bdaff6-aadf-4bdf-9dd7-df1b56f03e76','5edfba9b-72b2-11e7-917f-008cfae413f8','1','2017-07-27 18:00:13','2017-07-27 18:00:13','4f96ffe9-ae17-4f1c-961f-528a1ee2e427'),
('87','93a6fa23-f3e1-4ea9-b088-84446af5ca68','603a012a-72b2-11e7-917f-008cfae413f8','1','2017-07-27 18:00:13','2017-07-27 18:00:13','4f96ffe9-ae17-4f1c-961f-528a1ee2e427'),
('88','b216d328-b2af-477a-b076-fb8a54795dca','a68e687d-72b3-11e7-917f-008cfae413f8','1','2017-07-27 18:09:20','2017-07-27 18:09:20','c7cb46d9-5e5c-4b21-840b-6e0c32c50af3'),
('89','53616897-03de-4283-b713-582fca0f64d7','be4db69d-72b3-11e7-917f-008cfae413f8','1','2017-07-27 18:09:57','2017-07-27 18:09:57','e26e8e2d-3d45-409c-8b97-d63cd72e727e'),
('90','7fda7016-9af7-40d1-b0a3-f73c9b85b718','affe090a-72bb-11e7-917f-008cfae413f8','1','2017-07-27 19:06:49','2017-07-27 19:06:49','938c6b0f-49bf-466c-bdd0-81e2c073951b'),
('91','ce1a7889-1b41-402b-89cb-278760f83e06','df16ff07-7320-11e7-917f-008cfae413f8','1','2017-07-28 07:11:07','2017-07-28 07:11:07','a72ec0ea-3354-49df-9859-29e57fe25f68'),
('92','516ad8b8-049f-4ec8-8833-5a3e4cf9d2ca','f050988c-7330-11e7-917f-008cfae413f8','1','2017-07-28 09:06:09','2017-07-28 09:06:09','d44c597d-b697-4fcc-a308-c20b436562b4'),
('93','ccebee77-198a-4310-9e91-89e9e3bd55db','f0877930-7330-11e7-917f-008cfae413f8','1','2017-07-28 09:06:09','2017-07-28 09:06:09','d44c597d-b697-4fcc-a308-c20b436562b4'),
('94','5e3fbf06-5df5-462d-b376-9a124f649950','f0965ab3-7330-11e7-917f-008cfae413f8','1','2017-07-28 09:06:09','2017-07-28 09:06:09','d44c597d-b697-4fcc-a308-c20b436562b4'),
('95','2d3ca1d9-6254-484c-83a2-2b03e63e62a3','1c67da24-7339-11e7-917f-008cfae413f8','1','2017-07-28 10:04:38','2017-07-28 10:04:38','d55fef61-2892-4e96-b7de-8d9e0606a7b9'),
('96','6f3cfc55-4e39-4fd0-be1d-b265f20c5b2e','1c7834fa-7339-11e7-917f-008cfae413f8','1','2017-07-28 10:04:38','2017-07-28 10:04:38','d55fef61-2892-4e96-b7de-8d9e0606a7b9'),
('97','b556a75b-4a97-4d8e-8f42-3c2364cffc2f','2b8c1324-733b-11e7-917f-008cfae413f8','1','2017-07-28 10:19:22','2017-07-28 10:19:22','7413ed26-c3e4-43e0-894b-143e0f911b39'),
('98','13652159-d537-43d5-952a-cbab5714d8fc','2b903c39-733b-11e7-917f-008cfae413f8','1','2017-07-28 10:19:22','2017-07-28 10:19:22','7413ed26-c3e4-43e0-894b-143e0f911b39'),
('99','bbc6a382-b862-421b-b066-a73aebca01ed','cf555e35-733b-11e7-917f-008cfae413f8','1','2017-07-28 10:23:57','2017-07-28 10:23:57','e853bdec-b92b-450f-aa7d-d209ff5080d9'),
('100','fce8312c-4a13-429c-965a-92c3d43d7110','6641f2a8-733c-11e7-917f-008cfae413f8','1','2017-07-28 10:28:16','2017-07-28 10:28:16','ce19952b-683a-4f41-84fa-5d6c09a98bcd'),
('101','1f1de0e5-fdab-497a-8461-7a5dae21d81d','66c9f6b2-733c-11e7-917f-008cfae413f8','1','2017-07-28 10:28:16','2017-07-28 10:28:16','ce19952b-683a-4f41-84fa-5d6c09a98bcd'),
('102','e6fc136d-b42d-4ba1-92bc-080bda118f8c','68589629-733c-11e7-917f-008cfae413f8','1','2017-07-28 10:28:16','2017-07-28 10:28:16','ce19952b-683a-4f41-84fa-5d6c09a98bcd'),
('103','9b7d36c0-cf39-4d33-a95d-e73f589058eb','5cccbb03-7342-11e7-917f-008cfae413f8','1','2017-07-28 11:10:52','2017-07-28 11:10:52','ad3e216c-4fc4-45ef-98ea-6367b5aaa4d1'),
('104','1cb3599d-97ae-4ba6-8037-81086c3b610d','5cd6bfdf-7342-11e7-917f-008cfae413f8','1','2017-07-28 11:10:52','2017-07-28 11:10:52','ad3e216c-4fc4-45ef-98ea-6367b5aaa4d1'),
('105','49943606-b480-428e-8ee9-846c1f00e216','3505f93d-7346-11e7-917f-008cfae413f8','1','2017-07-28 11:38:23','2017-07-28 11:38:23','0dc2fc71-6533-42c2-9eeb-38b7d220de59'),
('106','ae29e2fb-6368-47a6-9754-7c62a5d9acb3','494ec85d-7358-11e7-917f-008cfae413f8','1','2017-07-28 13:47:48','2017-07-28 13:47:48','26c82d3a-fae9-4c8c-abfa-8bf603f559ff'),
('107','555d6e70-479b-4aa6-90e3-d7dda6da705f','edb9a2e3-737f-11e7-917f-008cfae413f8','1','2017-07-28 18:31:34','2017-07-28 18:31:34','acf7c1f3-7015-4e55-b1b5-4a4dd4d738b1'),
('108','17c69907-acdd-43cf-aea1-b58781f3068b','edd10352-737f-11e7-917f-008cfae413f8','1','2017-07-28 18:31:34','2017-07-28 18:31:34','acf7c1f3-7015-4e55-b1b5-4a4dd4d738b1'),
('109','45083128-ebb2-4817-b1d4-2f809a1beee6','ee39c8e9-7380-11e7-917f-008cfae413f8','1','2017-07-28 18:38:45','2017-07-28 18:38:45','b50f1728-4d2a-4387-a3cb-c7726740b458'),
('110','6f24c367-6cb6-42c4-a35d-2d5883f23c30','ee666616-7380-11e7-917f-008cfae413f8','1','2017-07-28 18:38:45','2017-07-28 18:38:45','b50f1728-4d2a-4387-a3cb-c7726740b458'),
('111','44008429-62c7-42a2-9224-9b5ace9ff513','4fcb5f15-7381-11e7-917f-008cfae413f8','1','2017-07-28 18:41:29','2017-07-28 18:41:29','dfafe41f-bb73-473d-857d-e0a81f1c9713'),
('112','ec89d7fc-3169-4328-bfbb-132f3abc106c','4ffdaf82-7381-11e7-917f-008cfae413f8','1','2017-07-28 18:41:29','2017-07-28 18:41:29','dfafe41f-bb73-473d-857d-e0a81f1c9713'),
('113','ebda40db-7d36-4edc-9a53-fd986f7fca72','504d2aea-7381-11e7-917f-008cfae413f8','1','2017-07-28 18:41:29','2017-07-28 18:41:29','5e53162b-022e-41e9-ab0b-c31c1c16bb1f'),
('114','74862948-3476-4588-96d6-a3815d2928e5','505c0417-7381-11e7-917f-008cfae413f8','1','2017-07-28 18:41:29','2017-07-28 18:41:29','5e53162b-022e-41e9-ab0b-c31c1c16bb1f'),
('115','7eb51d0c-0f00-41d8-b627-086391793359','e397a687-7387-11e7-917f-008cfae413f8','1','2017-07-28 19:28:39','2017-07-28 19:28:39','215e58eb-29b9-4128-96a6-1e85fbf39ebb'),
('116','0f1b69af-e9f0-4d74-bcb3-eee7a96f5a12','e3ddd923-7387-11e7-917f-008cfae413f8','1','2017-07-28 19:28:39','2017-07-28 19:28:39','215e58eb-29b9-4128-96a6-1e85fbf39ebb'),
('117','2548942e-fe23-4f2c-a17d-aaef5b263ed9','e553d7e7-7387-11e7-917f-008cfae413f8','1','2017-07-28 19:28:39','2017-07-28 19:28:39','215e58eb-29b9-4128-96a6-1e85fbf39ebb'),
('118','da887e0a-711e-4bd8-8d1e-5de76faa5899','e6c6e839-7387-11e7-917f-008cfae413f8','1','2017-07-28 19:28:39','2017-07-28 19:28:39','215e58eb-29b9-4128-96a6-1e85fbf39ebb'),
('119','5554a7d1-5ccb-47fc-ba91-86674e6f7eac','1c4bd38a-7388-11e7-917f-008cfae413f8','1','2017-07-28 19:30:12','2017-07-28 19:30:12','bd855c69-5d9f-4cd8-9eeb-fb4bf186f216'),
('120','e0b8dd3f-3b18-49a4-8af7-dbd10cfa3984','1c91f8a9-7388-11e7-917f-008cfae413f8','1','2017-07-28 19:30:12','2017-07-28 19:30:12','bd855c69-5d9f-4cd8-9eeb-fb4bf186f216'),
('121','e3aa49b5-48eb-48f9-9c0c-309d4dd816b8','1cd9fe95-7388-11e7-917f-008cfae413f8','1','2017-07-28 19:30:12','2017-07-28 19:30:12','bd855c69-5d9f-4cd8-9eeb-fb4bf186f216'),
('122','54bc3ae0-7f24-47dc-9153-70d1a3c74a06','1d28bf0e-7388-11e7-917f-008cfae413f8','1','2017-07-28 19:30:12','2017-07-28 19:30:12','bd855c69-5d9f-4cd8-9eeb-fb4bf186f216'),
('123','45338b6d-6f42-458b-8fee-3b7242bbd2eb','1d751816-7388-11e7-917f-008cfae413f8','1','2017-07-28 19:30:12','2017-07-28 19:30:12','bd855c69-5d9f-4cd8-9eeb-fb4bf186f216'),
('124','cc6643ed-1c79-49e2-806e-dfd08a3cc42b','1da205ce-7388-11e7-917f-008cfae413f8','1','2017-07-28 19:30:12','2017-07-28 19:30:12','bd855c69-5d9f-4cd8-9eeb-fb4bf186f216'),
('125','fbdc8458-574a-4e70-b839-353cf4c3b91a','1dd029d6-7388-11e7-917f-008cfae413f8','1','2017-07-28 19:30:12','2017-07-28 19:30:12','bd855c69-5d9f-4cd8-9eeb-fb4bf186f216'),
('126','ce87423e-ec34-4f8f-94c2-83fe06023c83','1e37e359-7388-11e7-917f-008cfae413f8','1','2017-07-28 19:30:12','2017-07-28 19:30:12','bd855c69-5d9f-4cd8-9eeb-fb4bf186f216'),
('127','ff7a3673-2811-462d-9def-91c728487d3d','1e7b1103-7388-11e7-917f-008cfae413f8','1','2017-07-28 19:30:12','2017-07-28 19:30:12','bd855c69-5d9f-4cd8-9eeb-fb4bf186f216'),
('128','51721c93-f097-4423-8d5a-5ded3dfe9d12','7d3e148e-7388-11e7-917f-008cfae413f8','1','2017-07-28 19:33:08','2017-07-28 19:33:08','f4647b14-3672-4c4b-8fbd-6625660afa37'),
('129','c9900043-d02c-4cae-bf68-a9809c7e9b22','7e3e7da4-7388-11e7-917f-008cfae413f8','1','2017-07-28 19:33:08','2017-07-28 19:33:08','f4647b14-3672-4c4b-8fbd-6625660afa37'),
('130','071114ae-2f4a-4d47-ab69-0cfc0c638c31','7fcb990c-7388-11e7-917f-008cfae413f8','1','2017-07-28 19:33:08','2017-07-28 19:33:08','f4647b14-3672-4c4b-8fbd-6625660afa37'),
('131','51a2651f-6cd1-4f8a-9c38-4c6b3458c32e','8078765a-7388-11e7-917f-008cfae413f8','1','2017-07-28 19:33:08','2017-07-28 19:33:08','f4647b14-3672-4c4b-8fbd-6625660afa37'),
('132','eb24abf7-f100-45cd-be94-85cc9a92ebbd','8182bd94-7388-11e7-917f-008cfae413f8','1','2017-07-28 19:33:08','2017-07-28 19:33:08','f4647b14-3672-4c4b-8fbd-6625660afa37'),
('133','2119bb62-c9f5-421e-bd68-7532b6ca0869','82ae586c-7388-11e7-917f-008cfae413f8','1','2017-07-28 19:33:08','2017-07-28 19:33:08','f4647b14-3672-4c4b-8fbd-6625660afa37'),
('134','137550b6-5fce-4250-b515-7008f961e194','83cf2c36-7388-11e7-917f-008cfae413f8','1','2017-07-28 19:33:08','2017-07-28 19:33:08','f4647b14-3672-4c4b-8fbd-6625660afa37'),
('135','9281a7e5-e91b-407c-810b-1c70476a14bd','84dfbcb4-7388-11e7-917f-008cfae413f8','1','2017-07-28 19:33:08','2017-07-28 19:33:08','f4647b14-3672-4c4b-8fbd-6625660afa37'),
('136','f74eadd5-2174-41f7-941c-e14d2a94dcde','86171e4c-7388-11e7-917f-008cfae413f8','1','2017-07-28 19:33:08','2017-07-28 19:33:08','f4647b14-3672-4c4b-8fbd-6625660afa37'),
('137','51a5505d-f0c8-4ca7-818a-f92021896de6','a2570883-7388-11e7-917f-008cfae413f8','1','2017-07-28 19:34:11','2017-07-28 19:34:11','269c882c-02b3-4e8f-a8d5-088b9db69fbe'),
('138','c08050c4-3284-4850-8a1e-c4e42633f67d','a357c5b9-7388-11e7-917f-008cfae413f8','1','2017-07-28 19:34:11','2017-07-28 19:34:11','269c882c-02b3-4e8f-a8d5-088b9db69fbe'),
('139','f2c4aba5-3bf3-4c47-a09b-472b79ed785a','a4e5e237-7388-11e7-917f-008cfae413f8','1','2017-07-28 19:34:11','2017-07-28 19:34:11','269c882c-02b3-4e8f-a8d5-088b9db69fbe'),
('140','718b6da6-1cb1-4525-aadb-741fae112c8e','a5f04574-7388-11e7-917f-008cfae413f8','1','2017-07-28 19:34:11','2017-07-28 19:34:11','269c882c-02b3-4e8f-a8d5-088b9db69fbe'),
('141','f9b911ef-13a5-41a6-ae3d-fe4b0a634306','a71ac69a-7388-11e7-917f-008cfae413f8','1','2017-07-28 19:34:11','2017-07-28 19:34:11','269c882c-02b3-4e8f-a8d5-088b9db69fbe'),
('142','687e6a0f-38f1-4991-be4a-d7866b993124','a83b645c-7388-11e7-917f-008cfae413f8','1','2017-07-28 19:34:11','2017-07-28 19:34:11','269c882c-02b3-4e8f-a8d5-088b9db69fbe'),
('143','7c49f70c-8f55-4ccd-a3dc-688c9f105e50','a94c9219-7388-11e7-917f-008cfae413f8','1','2017-07-28 19:34:11','2017-07-28 19:34:11','269c882c-02b3-4e8f-a8d5-088b9db69fbe'),
('144','af65111c-fcac-4f7b-9efc-49d91058fe75','aa8e12f0-7388-11e7-917f-008cfae413f8','1','2017-07-28 19:34:11','2017-07-28 19:34:11','269c882c-02b3-4e8f-a8d5-088b9db69fbe'),
('145','b5dfb504-5b27-4cdd-b7b7-211551c7b818','abc6b63a-7388-11e7-917f-008cfae413f8','1','2017-07-28 19:34:11','2017-07-28 19:34:11','269c882c-02b3-4e8f-a8d5-088b9db69fbe'),
('146','917bf478-7110-432e-a457-189cc21d1c8b','12a15a99-7507-11e7-917f-008cfae413f8','1','2017-07-30 17:11:30','2017-07-30 17:11:30','97d184c6-a3be-4b9a-8894-dd541d4baec2'),
('147','64c99891-e86e-4500-b5af-b5446772c808','12f3fc60-7507-11e7-917f-008cfae413f8','1','2017-07-30 17:11:30','2017-07-30 17:11:30','97d184c6-a3be-4b9a-8894-dd541d4baec2'),
('148','c3244133-7258-46fe-b9b3-f9a8734042d6','13351771-7507-11e7-917f-008cfae413f8','1','2017-07-30 17:11:30','2017-07-30 17:11:30','97d184c6-a3be-4b9a-8894-dd541d4baec2'),
('149','8ae02a4c-effb-46da-8990-c62c35ab6f61','136e7c3d-7507-11e7-917f-008cfae413f8','1','2017-07-30 17:11:31','2017-07-30 17:11:31','63dfc0d9-1c5c-4bb0-9807-ce145271585f'),
('150','6f78b128-c67d-4fbd-a492-cd8ac9e62cca','137d5230-7507-11e7-917f-008cfae413f8','1','2017-07-30 17:11:31','2017-07-30 17:11:31','63dfc0d9-1c5c-4bb0-9807-ce145271585f'),
('151','05d49d05-1ab8-4a2f-8d61-14d692974cf4','13bb9379-7507-11e7-917f-008cfae413f8','1','2017-07-30 17:11:31','2017-07-30 17:11:31','63dfc0d9-1c5c-4bb0-9807-ce145271585f'),
('152','d3c6461a-0eee-4b01-bf4b-1c73369a4d65','55b3c96c-7509-11e7-917f-008cfae413f8','1','2017-07-30 17:27:41','2017-07-30 17:27:41','7e63d52e-cad5-4dc5-a5aa-d4e8ea784413'),
('153','d2a54eae-991f-45db-b843-d2868d20857e','55c65e9e-7509-11e7-917f-008cfae413f8','1','2017-07-30 17:27:41','2017-07-30 17:27:41','7e63d52e-cad5-4dc5-a5aa-d4e8ea784413'),
('154','efabbfc4-f114-4903-af88-bd8d21a22f8a','55ddba9d-7509-11e7-917f-008cfae413f8','1','2017-07-30 17:27:41','2017-07-30 17:27:41','7e63d52e-cad5-4dc5-a5aa-d4e8ea784413'),
('155','7b564f0a-a5de-4fcd-8098-a84e995834d2','47428725-750a-11e7-917f-008cfae413f8','1','2017-07-30 17:34:27','2017-07-30 17:34:27','ab0890b3-c02c-4a2c-a8bb-4704e357c54e'),
('156','93442ba1-08d9-4d82-99f1-58ed058ab762','47a1c664-750a-11e7-917f-008cfae413f8','1','2017-07-30 17:34:27','2017-07-30 17:34:27','ab0890b3-c02c-4a2c-a8bb-4704e357c54e'),
('157','8b09b1df-8cda-4052-8dbe-ad02195bec0b','47ac4c44-750a-11e7-917f-008cfae413f8','1','2017-07-30 17:34:27','2017-07-30 17:34:27','ab0890b3-c02c-4a2c-a8bb-4704e357c54e'),
('158','1b179a80-83d0-4369-bc49-be858f47b348','47e665b8-750a-11e7-917f-008cfae413f8','1','2017-07-30 17:34:27','2017-07-30 17:34:27','9df4a0b0-3d52-4ddb-bce0-ab354eb1a959'),
('159','fdf3d85b-572b-471c-b7a8-2a34893662f9','47f5a2c5-750a-11e7-917f-008cfae413f8','1','2017-07-30 17:34:27','2017-07-30 17:34:27','9df4a0b0-3d52-4ddb-bce0-ab354eb1a959'),
('160','34587260-54e2-470e-a0a2-b373fc154911','48082281-750a-11e7-917f-008cfae413f8','1','2017-07-30 17:34:27','2017-07-30 17:34:27','9df4a0b0-3d52-4ddb-bce0-ab354eb1a959'),
('161','4664ae17-3c8b-4826-97c4-72eb29593898','496bb3da-750a-11e7-917f-008cfae413f8','1','2017-07-30 17:34:30','2017-07-30 17:34:30','17259186-9564-4898-9214-12d37d67ce25'),
('162','c121c5fa-1974-4141-b709-6b677484101c','4973f6b0-750a-11e7-917f-008cfae413f8','1','2017-07-30 17:34:30','2017-07-30 17:34:30','17259186-9564-4898-9214-12d37d67ce25'),
('163','21c87ccd-3a86-41e6-84a7-da46f0633cae','497d4e6e-750a-11e7-917f-008cfae413f8','1','2017-07-30 17:34:30','2017-07-30 17:34:30','17259186-9564-4898-9214-12d37d67ce25'),
('164','1c8f7807-3512-4ce1-8abd-1850c5d50700','4faada22-750e-11e7-917f-008cfae413f8','1','2017-07-30 18:03:18','2017-07-30 18:03:18','bf6f5629-986e-43a8-b005-ea4e81789fb0'),
('165','eabc2c55-32cb-4bb1-ab5b-80f6e17570e4','0249e7f2-750f-11e7-917f-008cfae413f8','1','2017-07-30 18:08:18','2017-07-30 18:08:18','ca2caafb-dff2-4edb-a5ca-7a456e1b4982'),
('166','beade106-d242-456e-953a-8b5c3f5fde28','643dd3f0-7594-11e7-917f-008cfae413f8','1','2017-07-31 10:03:05','2017-07-31 10:03:05','ed67fc13-aa45-4ddb-ab11-31d112d5cfa7'),
('167','ba25c829-13b5-4857-9bea-7a0bed2a4bcd','6447d884-7594-11e7-917f-008cfae413f8','1','2017-07-31 10:03:05','2017-07-31 10:03:05','ed67fc13-aa45-4ddb-ab11-31d112d5cfa7'),
('168','942b71c3-0c95-4547-b761-f3709270c5a8','644f7794-7594-11e7-917f-008cfae413f8','1','2017-07-31 10:03:05','2017-07-31 10:03:05','ed67fc13-aa45-4ddb-ab11-31d112d5cfa7'),
('169','a0e67322-f5de-4a88-9d9b-4c3aad6e0e7b','811a04a9-7594-11e7-917f-008cfae413f8','1','2017-07-31 10:03:54','2017-07-31 10:03:54','d536fdd8-b648-4701-b7c6-7c059af76917'),
('170','2ecfe138-a453-4e2a-8759-ecd140c59c98','8122961d-7594-11e7-917f-008cfae413f8','1','2017-07-31 10:03:54','2017-07-31 10:03:54','d536fdd8-b648-4701-b7c6-7c059af76917'),
('171','df069cee-6228-42b1-89ff-b69fa612f008','812b1e21-7594-11e7-917f-008cfae413f8','1','2017-07-31 10:03:54','2017-07-31 10:03:54','d536fdd8-b648-4701-b7c6-7c059af76917'),
('172','39d94166-dea9-4cd1-af1a-d0205ce74710','d7861840-7599-11e7-917f-008cfae413f8','1','2017-07-31 10:42:07','2017-07-31 10:42:07','1c5df72a-20d4-46d4-a7e0-f50bf9fcad95'),
('173','b7c089e2-7531-4921-8bf1-8eb5fd80d86e','d7989830-7599-11e7-917f-008cfae413f8','1','2017-07-31 10:42:07','2017-07-31 10:42:07','1c5df72a-20d4-46d4-a7e0-f50bf9fcad95'),
('174','d5ac2155-549c-403b-adfe-2579963538a0','d7a0b2fb-7599-11e7-917f-008cfae413f8','1','2017-07-31 10:42:07','2017-07-31 10:42:07','1c5df72a-20d4-46d4-a7e0-f50bf9fcad95'),
('175','84cc4975-c77e-4a02-95c9-5a55a0e86887','d7a95711-7599-11e7-917f-008cfae413f8','1','2017-07-31 10:42:07','2017-07-31 10:42:07','1c5df72a-20d4-46d4-a7e0-f50bf9fcad95'),
('176','a07f4d4c-6632-4fd0-9d1b-456d7802d1dd','d7ba7225-7599-11e7-917f-008cfae413f8','1','2017-07-31 10:42:07','2017-07-31 10:42:07','1c5df72a-20d4-46d4-a7e0-f50bf9fcad95'),
('177','470adf03-b282-4fec-86ce-9e0afb4dfb5b','d7c31057-7599-11e7-917f-008cfae413f8','1','2017-07-31 10:42:07','2017-07-31 10:42:07','1c5df72a-20d4-46d4-a7e0-f50bf9fcad95'),
('178','d7772826-9b3e-460f-a166-fdd50d56dd7e','d7cacb8a-7599-11e7-917f-008cfae413f8','1','2017-07-31 10:42:07','2017-07-31 10:42:07','1c5df72a-20d4-46d4-a7e0-f50bf9fcad95'),
('179','157098fb-0cc0-4f95-b0e9-b9bc42ad11af','d7d10813-7599-11e7-917f-008cfae413f8','1','2017-07-31 10:42:07','2017-07-31 10:42:07','1c5df72a-20d4-46d4-a7e0-f50bf9fcad95'),
('180','ed61fb96-39e2-4509-975b-bb0ed306d867','d7d97b96-7599-11e7-917f-008cfae413f8','1','2017-07-31 10:42:07','2017-07-31 10:42:07','1c5df72a-20d4-46d4-a7e0-f50bf9fcad95'),
('181','4aef486d-d17b-496d-9689-10b6a249c56f','8d276b94-75ce-11e7-917f-008cfae413f8','1','2017-07-31 16:59:25','2017-07-31 16:59:25','f0aef6b1-98f9-4b29-8407-9f6a778ddc89'),
('182','8172559e-ab4a-42fa-901c-3c9ee45d8d8f','8d33300b-75ce-11e7-917f-008cfae413f8','1','2017-07-31 16:59:25','2017-07-31 16:59:25','f0aef6b1-98f9-4b29-8407-9f6a778ddc89'),
('183','d5c35aa2-4e42-48f7-92d4-5e232c1fdfcd','8d3ccac8-75ce-11e7-917f-008cfae413f8','1','2017-07-31 16:59:25','2017-07-31 16:59:25','f0aef6b1-98f9-4b29-8407-9f6a778ddc89'),
('184','b638af9b-fb44-41dc-a65d-657bf309faf1','8d46640c-75ce-11e7-917f-008cfae413f8','1','2017-07-31 16:59:25','2017-07-31 16:59:25','f0aef6b1-98f9-4b29-8407-9f6a778ddc89'),
('185','660ff4ee-47bc-45de-9fae-677f15acf9cd','8d517703-75ce-11e7-917f-008cfae413f8','1','2017-07-31 16:59:25','2017-07-31 16:59:25','f0aef6b1-98f9-4b29-8407-9f6a778ddc89'),
('186','be67b42f-a88a-4e0b-a796-4d89f4e2f299','8daa64e3-75ce-11e7-917f-008cfae413f8','1','2017-07-31 16:59:26','2017-07-31 16:59:26','b37aa832-581a-407f-aa35-1c8b2ae173de'),
('187','595e27ac-73d2-43ae-9416-2fbff7c4cb47','8dcef33f-75ce-11e7-917f-008cfae413f8','1','2017-07-31 16:59:26','2017-07-31 16:59:26','b37aa832-581a-407f-aa35-1c8b2ae173de'),
('188','9df2b9a0-500f-465c-9ebe-bac30f2e3923','8debaa06-75ce-11e7-917f-008cfae413f8','1','2017-07-31 16:59:26','2017-07-31 16:59:26','b37aa832-581a-407f-aa35-1c8b2ae173de'),
('189','fd531798-9178-4761-80b6-489924a459fc','8e08fc96-75ce-11e7-917f-008cfae413f8','1','2017-07-31 16:59:26','2017-07-31 16:59:26','b37aa832-581a-407f-aa35-1c8b2ae173de'),
('190','01af2104-db46-46d7-b7df-056325f026a2','8e28e7e1-75ce-11e7-917f-008cfae413f8','1','2017-07-31 16:59:26','2017-07-31 16:59:26','b37aa832-581a-407f-aa35-1c8b2ae173de'),
('191','323ae76d-240a-49c4-ba11-2628a2996431','242e882a-75cf-11e7-917f-008cfae413f8','1','2017-07-31 17:03:38','2017-07-31 17:03:38','fe5b5355-efb8-488b-8897-3a4b891bdb9c'),
('192','31b6c2a2-be57-4b9d-9029-6258d6dca805','24377adb-75cf-11e7-917f-008cfae413f8','1','2017-07-31 17:03:38','2017-07-31 17:03:38','fe5b5355-efb8-488b-8897-3a4b891bdb9c'),
('193','087ab0ae-5292-42da-9882-b180bfb22b63','2440a00b-75cf-11e7-917f-008cfae413f8','1','2017-07-31 17:03:38','2017-07-31 17:03:38','fe5b5355-efb8-488b-8897-3a4b891bdb9c'),
('194','22b90cb4-0302-4160-9672-2194ee2dd5d1','244832d6-75cf-11e7-917f-008cfae413f8','1','2017-07-31 17:03:38','2017-07-31 17:03:38','fe5b5355-efb8-488b-8897-3a4b891bdb9c'),
('195','55499dd1-23eb-49a6-96ef-854585578b14','2453b28f-75cf-11e7-917f-008cfae413f8','1','2017-07-31 17:03:38','2017-07-31 17:03:38','fe5b5355-efb8-488b-8897-3a4b891bdb9c'),
('196','142f1e8a-0404-46fe-83f9-b14bb89dfee6','7b43eb49-75d0-11e7-917f-008cfae413f8','1','2017-07-31 17:13:14','2017-07-31 17:13:14','b9542020-c6aa-4bc7-89c3-61912907eea4'),
('197','f8ffbcae-9c70-4f43-8cfd-8fb8e6c54eb3','7b4adffa-75d0-11e7-917f-008cfae413f8','1','2017-07-31 17:13:14','2017-07-31 17:13:14','b9542020-c6aa-4bc7-89c3-61912907eea4'),
('198','ab5a32b2-14ca-42fb-9952-03494ab3fb75','7b525edf-75d0-11e7-917f-008cfae413f8','1','2017-07-31 17:13:14','2017-07-31 17:13:14','b9542020-c6aa-4bc7-89c3-61912907eea4'),
('199','4f034c91-3589-48cb-a1c8-1c71a6429933','7b595c6e-75d0-11e7-917f-008cfae413f8','1','2017-07-31 17:13:14','2017-07-31 17:13:14','b9542020-c6aa-4bc7-89c3-61912907eea4'),
('200','9d7581bf-dfd1-444d-a258-af9b8dfc8742','7b61ed91-75d0-11e7-917f-008cfae413f8','1','2017-07-31 17:13:14','2017-07-31 17:13:14','b9542020-c6aa-4bc7-89c3-61912907eea4'),
('201','cf502ca6-678e-43bb-b898-73c12fc98b94','7b698b36-75d0-11e7-917f-008cfae413f8','1','2017-07-31 17:13:14','2017-07-31 17:13:14','b9542020-c6aa-4bc7-89c3-61912907eea4'),
('202','416a6c03-d5a0-46d4-a45a-5227afab863e','bc078c47-767f-11e7-917f-008cfae413f8','1','2017-08-01 14:07:45','2017-08-01 14:07:45','a3b21a55-a4c7-4b32-817c-0bf6a4556729'),
('203','3e2c87ff-1e27-45ba-bb91-169de45308d8','bc244b41-767f-11e7-917f-008cfae413f8','1','2017-08-01 14:07:45','2017-08-01 14:07:45','a3b21a55-a4c7-4b32-817c-0bf6a4556729'),
('204','721b203c-c99a-4069-ae73-f214c94115cd','bc4d8a6d-767f-11e7-917f-008cfae413f8','1','2017-08-01 14:07:45','2017-08-01 14:07:45','a3b21a55-a4c7-4b32-817c-0bf6a4556729');

insert into `plms_account`(`id`,`code`,`total_quota`,`principal`,`remaining_quota`,`interest`,`overdue`,`credit_end_date`,`user_code`,`status`,`create_date`,`modify_date`,`repaymented_principal`,`repaymented_interest`,`repaymented_overdue`,`repaymented_penalty`,`service_fee`,`service_fee_penalty`,`repaymented_service_fee`,`repaymented_service_fee_penalty`) values
('1','1',90000.00,10000.00,79993.00,2.00,2.00,'2018-11-29 14:57:43','1','1','2017-07-18','2017-07-18',null,null,0.00,null,null,null,null,null),
('2','2',100.00,80.00,19.00,2.00,2.00,'2017-08-10 14:37:10','123','1','2017-07-19','2017-07-19',null,null,0.00,null,null,null,null,null),
('4','4',100.00,80.00,8.00,2.00,2.00,'2017-08-10 14:37:10','2','1','2017-07-19','2017-07-19',null,null,0.00,null,null,null,null,null),
('5','account0001',10000.00,3000.00,6782.00,2.00,2.00,'2017-08-10 14:37:10','125','1','2017-07-19','2017-07-19',null,null,0.00,null,null,null,null,null);

insert into `plms_contract_info`(`id`,`code`,`apply_code`,`status`,`create_date`,`modify_date`,`contract_no`,`credit_start_date`,`credit_end_date`) values
('1','1','1','1','2017-07-18 15:54:56','2017-07-18 15:54:59','1','2017-07-25 19:55:39','2018-07-25 19:55:39'),
('2','3','2','1','2017-07-19 13:47:17','2017-07-19 13:47:19','2','2017-07-25 19:55:39','2018-07-25 19:55:39'),
('3','4','3','1','2017-07-18 15:54:56','2017-07-18 15:54:59','3','2017-07-25 19:55:40','2018-07-25 19:55:39'),
('4','5','4','1','2017-07-19 13:47:17','2017-07-19 13:47:19','4','2017-07-25 19:55:41','2018-07-25 19:55:39'),
('5','6','5','1','2017-07-18 15:54:56','2017-07-18 15:54:59','5','2017-07-25 19:55:41','2018-07-25 19:55:39'),
('6','7','6','1','2017-07-19 13:47:17','2017-07-19 13:47:19','6','2017-07-25 19:55:42','2018-07-25 19:55:39'),
('7','contract001','apply001','1','2017-07-19 13:47:17','2017-07-19 13:47:19','XT2013455555','2017-07-25 19:55:42','2018-07-25 19:55:39'),
('8','contract002','apply001','1','2017-07-19 13:47:17','2017-07-19 13:47:19','XT2013455556','2017-07-25 19:55:42','2018-07-25 19:55:39');

insert into `plms_product`(`id`,`code`,`apply_code`,`product_name`,`circle`,`interest_cycle`,`year_period`,`repayment_methods`,`loan_minimum_unit`,`loan_minimum_amount`,`repayment_minimum_unit`,`repayment_minimum_amount`,`part_repayment`,`borrow_closed_period`,`repayment_closed_period`,`is_penalty`,`penalty_period`,`is_first_max`,`interest_collection_method`,`interest_repayment_day`,`mortgage_interest_period`,`grace_days`,`principal_repayment_period`,`principal_repayment_method`,`is_period_select`,`status`,`create_date`,`modify_date`) values
('1','1','1','随借随还','1','1','2014','01',1.00,1.00,1.00,1.00,'1','1','1','1','1','1','1','1','1','1','1','1','1','1','2017-07-18 16:01:24','2017-07-18 16:01:27'),
('2','2','2','随借随还','1','1','2014','01',1.00,1.00,1.00,1.00,'1','1','1','1','1','1','1','1','1','1','1','1','1','1','2017-07-18 16:01:24','2017-07-18 16:01:27'),
('3','3','3','随借随还','1','1','2014','01',1.00,1.00,1.00,1.00,'1','1','1','1','1','1','1','1','1','1','1','1','1','1','2017-07-18 16:01:24','2017-07-18 16:01:27'),
('4','4','4','随借随还','1','1','2014','01',1.00,1.00,1.00,1.00,'1','1','1','1','1','1','1','1','1','1','1','1','1','1','2017-07-18 16:01:24','2017-07-18 16:01:27'),
('5','5','5','随借随还','1','1','2014','01',1.00,1.00,1.00,1.00,'1','1','1','1','1','1','1','1','1','1','1','1','1','1','2017-07-18 16:01:24','2017-07-18 16:01:27'),
('6','6','6','随借随还','1','1','2014','01',1.00,1.00,1.00,1.00,'1','1','1','1','1','1','1','1','1','1','1','1','1','1','2017-07-18 16:01:24','2017-07-18 16:01:27'),
('7','pro001','apply001','随借随还001','1','1','360','01',1.00,1.00,1.00,1.00,'1','1','1','1','1','1','1','1','1','1','1','1','1','1','2017-07-18 16:01:24','2017-07-18 16:01:27');

insert into `plms_apply_interesting`(`id`,`code`,`annualized_interest`,`principal_over_interest`,`interest_over_interest`,`default_interest_rate`,`contract_code`,`create_date`,`modify_date`,`status`) values
('1','1',0.100000,0.100000,0.100000,0.100000,'1','2017-07-18 16:30:05','2017-07-18 16:30:11','1'),
('2','2',0.100000,0.100000,0.100000,0.100000,'3','2017-07-18 16:30:05','2017-07-18 16:30:11','1'),
('3','3',0.100000,0.100000,0.100000,0.100000,'4','2017-07-18 16:30:05','2017-07-18 16:30:11','1'),
('4','4',0.100000,0.100000,0.100000,0.100000,'5','2017-07-18 16:30:05','2017-07-18 16:30:11','1'),
('5','5',0.100000,0.100000,0.100000,0.100000,'6','2017-07-18 16:30:05','2017-07-18 16:30:11','1'),
('6','6',0.100000,0.100000,0.100000,0.100000,'7','2017-07-18 16:30:05','2017-07-18 16:30:11','1'),
('7','inter001',0.100000,0.100000,0.100000,0.100000,'contract001','2017-07-18 16:30:05','2017-07-18 16:30:11','1');

insert into `sequence`(`name`,`current_value`,`increment`) values
('SERNO','200','1');

insert into `plms_repayment_date`(`id`,`code`,`repayment_date`,`detail_code`,`status`,`create_date`,`modify_date`) values
('1','2','2017-07-25','1','1','2017-07-23 18:03:53','2017-07-23 18:03:57'),
('2','3','2017-08-25','1','1','2017-07-23 18:03:53','2017-07-23 18:03:57'),
('3','4','2017-09-25','1','1','2017-07-23 18:03:53','2017-07-23 18:03:57'),
('4','5','2017-10-25','1','1','2017-07-23 18:03:53','2017-07-23 18:03:57'),
('5','6','2017-11-25','1','1','2017-07-23 18:03:53','2017-07-23 18:03:57'),
('6','2','2017-07-25','3','1','2017-07-23 18:03:53','2017-07-23 18:03:57'),
('7','3','2017-08-25','3','1','2017-07-23 18:03:53','2017-07-23 18:03:57'),
('8','4','2017-09-25','3','1','2017-07-23 18:03:53','2017-07-23 18:03:57'),
('9','5','2017-10-25','3','1','2017-07-23 18:03:53','2017-07-23 18:03:57'),
('10','6','2017-11-25','3','1','2017-07-23 18:03:53','2017-07-23 18:03:57'),
('11','7','2017-12-25','3','1','2017-07-23 18:03:53','2017-07-23 18:03:57'),
('12','8','2017-12-25','1','1','2017-07-23 18:03:53','2017-07-23 18:03:57'),
('13','9','2017-07-25','4','1','2017-07-23 18:03:53','2017-07-23 18:03:57'),
('14','10','2017-08-25','4','1','2017-07-23 18:03:53','2017-07-23 18:03:57'),
('15','11','2017-09-25','4','1','2017-07-23 18:03:53','2017-07-23 18:03:57'),
('16','12','2017-10-25','4','1','2017-07-23 18:03:53','2017-07-23 18:03:57'),
('17','13','2017-11-25','4','1','2017-07-23 18:03:53','2017-07-23 18:03:57'),
('18','14','2017-12-25','4','1','2017-07-23 18:03:53','2017-07-23 18:03:57'),
('19','15','2017-07-25','5','1','2017-07-23 18:03:53','2017-07-23 18:03:57'),
('20','16','2017-08-25','5','1','2017-07-23 18:03:53','2017-07-23 18:03:57'),
('21','17','2017-09-25','5','1','2017-07-23 18:03:53','2017-07-23 18:03:57'),
('22','18','2017-10-25','5','1','2017-07-23 18:03:53','2017-07-23 18:03:57'),
('23','19','2017-11-25','5','1','2017-07-23 18:03:53','2017-07-23 18:03:57'),
('24','20','2017-12-25','5','1','2017-07-23 18:03:53','2017-07-23 18:03:57'),
('25','21','2017-07-25','6','1','2017-07-23 18:03:53','2017-07-23 18:03:57'),
('26','22','2017-08-25','6','1','2017-07-23 18:03:53','2017-07-23 18:03:57'),
('27','23','2017-09-25','6','1','2017-07-23 18:03:53','2017-07-23 18:03:57'),
('28','24','2017-10-25','6','1','2017-07-23 18:03:53','2017-07-23 18:03:57'),
('29','25','2017-11-25','6','1','2017-07-23 18:03:53','2017-07-23 18:03:57'),
('30','26','2017-12-25','6','1','2017-07-23 18:03:53','2017-07-23 18:03:57'),
('31','27','2017-07-25','7','1','2017-07-23 18:03:53','2017-07-23 18:03:57'),
('32','28','2017-08-25','7','1','2017-07-23 18:03:53','2017-07-23 18:03:57'),
('33','29','2017-09-25','7','1','2017-07-23 18:03:53','2017-07-23 18:03:57'),
('34','30','2017-10-25','7','1','2017-07-23 18:03:53','2017-07-23 18:03:57'),
('35','31','2017-11-25','7','1','2017-07-23 18:03:53','2017-07-23 18:03:57'),
('36','32','2017-12-25','7','1','2017-07-23 18:03:53','2017-07-23 18:03:57'),
('37','date0001','2017-07-19','accDetail001','1','2017-07-26 10:24:35','2017-07-26 10:24:39'),
('38','date0002','2017-08-19','accDetail001','1','2017-07-26 10:24:35','2017-07-26 10:24:39'),
('39','date0003','2017-09-19','accDetail001','1','2017-07-26 10:24:35','2017-07-26 10:24:39');

insert into `plms_paid_info`(`id`,`code`,`paid_amount`,`paid_time`,`iou_code`,`borrow_code`,`repaymented_principal`,`repaymented_interest`,`status`,`create_date`,`modify_date`,`interest`,`overdue`,`repaymented_overdue`,`business_code`,`user_code`,`contract_code`,`remark`,`account_code`) values
('1','001',100.00,'2017-07-19 19:28:20',null,'1',0.00,0.00,'01','2017-07-19 19:30:52','2017-07-19 19:30:55',null,null,null,null,null,null,null,null),
('2','paid001',500.00,'2017-07-19 19:28:20',null,'borrow0001',0.00,0.00,'01','2017-07-19 19:30:52','2017-07-19 19:30:55',null,null,null,null,null,null,null,null),
('3','paid002',500.00,'2017-07-19 19:28:20',null,'borrow0001',0.00,0.00,'01','2017-07-19 19:30:52','2017-07-19 19:30:55',null,null,null,null,null,null,null,null);

SET FOREIGN_KEY_CHECKS = 1;

